{"cameraMode":{"drawMode":0,"name":"Shaded","section":"Shading Mode"},"sceneLighting":true,"audioPlay":false,"sceneViewState":{"showFog":true,"showMaterialUpdate":false,"showSkybox":true,"showFlares":true,"showImageEffects":true,"showParticleSystems":true},"in2DMode":false,"pivot":{"x":138.06033325195313,"y":72.7001953125,"z":195.08653259277345},"rotation":{"x":0.1539566069841385,"y":0.27183741331100466,"z":-0.044102173298597339,"w":0.9489240050315857},"size":25.183774948120118,"orthographic":false}