{"cameraMode":{"drawMode":0,"name":"Shaded","section":"Shading Mode"},"sceneLighting":false,"audioPlay":false,"sceneViewState":{"showFog":true,"showMaterialUpdate":false,"showSkybox":false,"showFlares":true,"showImageEffects":true,"showParticleSystems":true},"in2DMode":false,"pivot":{"x":4.760000228881836,"y":0.4300000071525574,"z":-4.659999847412109},"rotation":{"x":-0.08380614966154099,"y":-0.2085747867822647,"z":0.01794157549738884,"w":-0.9742439389228821},"size":1.9690251350402833,"orthographic":false}