{"cameraMode":{"drawMode":0,"name":"Shaded","section":"Shading Mode"},"sceneLighting":true,"audioPlay":false,"sceneViewState":{"showFog":true,"showMaterialUpdate":false,"showSkybox":true,"showFlares":true,"showImageEffects":true,"showParticleSystems":true},"in2DMode":false,"pivot":{"x":25.65133285522461,"y":53.3129997253418,"z":8.610626220703125},"rotation":{"x":-0.28894150257110598,"y":0.3791615664958954,"z":0.12592868506908418,"w":0.8699949979782105},"size":46.66904830932617,"orthographic":false}